scenario,users,correct_stop_fraction,wrong_stop_fraction,unfinished_fraction,mean_price100_allocation_share
spend_lift,10000,0.047,0.0005,0.9525,0.29328819999999994
spend_lift,20000,0.1735,0.001,0.8255,0.39674744573412696
spend_lift,30000,0.3005,0.001,0.6985,0.44706233696373066
spend_lift,40000,0.448,0.001,0.551,0.47753735407329384
spend_lift,50000,0.5585,0.001,0.4405,0.49627197986545457
spend_lift,60000,0.6525,0.001,0.3465,0.5088888889749307
spend_lift,70000,0.7315,0.001,0.2675,0.5173182887081286
spend_lift,80000,0.794,0.001,0.205,0.5229813005818336
spend_lift,90000,0.85,0.001,0.149,0.5266727462784428
spend_lift,100000,0.8825,0.001,0.1165,0.5291028929754352
spend_lift,110000,0.9195,0.001,0.0795,0.5307771266519202
spend_lift,120000,0.9385,0.001,0.0605,0.5318916168768574
spend_lift,130000,0.96,0.001,0.039,0.5326281910601856
spend_lift,140000,0.9715,0.001,0.0275,0.5330375035624648
spend_lift,150000,0.979,0.001,0.02,0.5333133092883852
spend_lift,160000,0.9845,0.001,0.0145,0.5334918762769996
spend_lift,170000,0.9905,0.001,0.0085,0.5335907613527964
spend_lift,180000,0.991,0.001,0.008,0.5336606644573715
spend_lift,190000,0.9945,0.001,0.0045,0.5337130641245017
spend_lift,200000,0.996,0.001,0.003,0.5337470989174837
spend_lift,210000,0.997,0.001,0.002,0.5337724203610806
spend_lift,220000,0.9985,0.001,0.0005,0.5337901562189923
spend_lift,230000,0.9985,0.001,0.0005,0.5337921996972531
spend_lift,240000,0.9985,0.001,0.0005,0.5337931749689921
spend_lift,250000,0.9985,0.001,0.0005,0.5337949222189923
payer_lift,10000,0.047,0.0015,0.9515,0.2908784
payer_lift,20000,0.167,0.002,0.831,0.3901476199404762
payer_lift,30000,0.293,0.002,0.705,0.44140958902139527
payer_lift,40000,0.4125,0.002,0.5855,0.4735945010731238
payer_lift,50000,0.5405,0.002,0.4575,0.49405489699962485
payer_lift,60000,0.638,0.002,0.36,0.5073403070515525
payer_lift,70000,0.721,0.002,0.277,0.5163033239627012
payer_lift,80000,0.795,0.002,0.203,0.5222934643554038
payer_lift,90000,0.85,0.002,0.148,0.5260693001318999
payer_lift,100000,0.8905,0.002,0.1075,0.5284867678007159
payer_lift,110000,0.9185,0.002,0.0795,0.5300863770462735
payer_lift,120000,0.9475,0.002,0.0505,0.5311546480935102
payer_lift,130000,0.964,0.002,0.034,0.5317880143348891
payer_lift,140000,0.973,0.002,0.025,0.5321965119043705
payer_lift,150000,0.9805,0.002,0.0175,0.5324471012417048
payer_lift,160000,0.9855,0.002,0.0125,0.5325966716579275
payer_lift,170000,0.991,0.002,0.007,0.5326916737400846
payer_lift,180000,0.993,0.002,0.005,0.5327442060510951
payer_lift,190000,0.9955,0.002,0.0025,0.5327794864766732
payer_lift,200000,0.9965,0.002,0.0015,0.5327937008066506
payer_lift,210000,0.9975,0.002,0.0005,0.5328017851802058
payer_lift,220000,0.9975,0.002,0.0005,0.5328039419983875
payer_lift,230000,0.9975,0.002,0.0005,0.5328059199628146
payer_lift,240000,0.9975,0.002,0.0005,0.5328074268468724
null,10000,0.0,0.0075,0.9925,0.25028105
null,20000,0.0,0.0145,0.9855,0.2504453421626984
null,30000,0.0,0.0165,0.9835,0.2507831138659951
null,40000,0.0,0.0205,0.9795,0.2506866845155049
null,50000,0.0,0.0225,0.9775,0.2507159480092937
null,60000,0.0,0.0255,0.9745,0.25079301267772874
null,70000,0.0,0.027,0.973,0.2511012148740618
null,80000,0.0,0.029,0.971,0.2514280188142006
null,90000,0.0,0.0305,0.9695,0.2513098852776153
null,100000,0.0,0.035,0.965,0.25108444445117273
null,110000,0.0,0.0365,0.9635,0.2508598641194239
null,120000,0.0,0.037,0.963,0.25053522346950363
null,130000,0.0,0.038,0.962,0.25031712235534004
null,140000,0.0,0.04,0.96,0.25007250165915007
null,150000,0.0,0.042,0.958,0.24978802401162975
null,160000,0.0,0.0425,0.9575,0.24947816075946525
null,170000,0.0,0.0445,0.9555,0.24922660705030086
null,180000,0.0,0.0455,0.9545,0.24895714339321012
null,190000,0.0,0.0465,0.9535,0.24874871109752053
null,200000,0.0,0.0475,0.9525,0.24857668565530674
null,210000,0.0,0.048,0.952,0.24840792704266937
null,220000,0.0,0.0485,0.9515,0.24822000589067322
null,230000,0.0,0.0495,0.9505,0.2480332433412661
null,240000,0.0,0.05,0.95,0.24780137021273504
null,250000,0.0,0.051,0.949,0.24764996214737522
null,260000,0.0,0.051,0.949,0.24754691968583678
null,270000,0.0,0.051,0.949,0.24749586925848632
null,280000,0.0,0.0515,0.9485,0.2475120125790749
null,290000,0.0,0.053,0.947,0.2475436045588504
null,300000,0.0,0.0535,0.9465,0.2475691332626404
