scenario,uplift,users,correct_stop_fraction,wrong_stop_fraction,unfinished_fraction,mean_price100_allocation_share
spend_lift,0.05,10000,0.0085,0.0025,0.989,0.26489374999999993
spend_lift,0.05,20000,0.0225,0.006,0.9715,0.30537620228174606
spend_lift,0.05,30000,0.035,0.0075,0.9575,0.3290320664467477
spend_lift,0.05,40000,0.0465,0.008,0.9455,0.3464924654964553
spend_lift,0.05,50000,0.06,0.008,0.932,0.3612619352270689
spend_lift,0.05,60000,0.0695,0.008,0.9225,0.3738456064029843
spend_lift,0.05,70000,0.081,0.009,0.91,0.38494079821126004
spend_lift,0.05,80000,0.0905,0.009,0.9005,0.3951953816947327
spend_lift,0.05,90000,0.1035,0.009,0.8875,0.4046507067825517
spend_lift,0.05,100000,0.119,0.0095,0.8715,0.4133296197806825
spend_lift,0.05,110000,0.133,0.01,0.857,0.42133986630831544
spend_lift,0.05,120000,0.148,0.01,0.842,0.4288074939060443
spend_lift,0.05,130000,0.1645,0.01,0.8255,0.4357586735642314
spend_lift,0.05,140000,0.18,0.01,0.81,0.44212342277943517
spend_lift,0.05,150000,0.1965,0.01,0.7935,0.4479221036174464
spend_lift,0.05,160000,0.21,0.01,0.78,0.4534067789816267
spend_lift,0.05,170000,0.224,0.01,0.766,0.45858725627303015
spend_lift,0.05,180000,0.24,0.01,0.75,0.4635111800412072
spend_lift,0.05,190000,0.2545,0.01,0.7355,0.46810383024895247
spend_lift,0.05,200000,0.269,0.01,0.721,0.4724335914156743
spend_lift,0.05,210000,0.28,0.01,0.71,0.47657177675489437
spend_lift,0.05,220000,0.2895,0.01,0.7005,0.48060181728038814
spend_lift,0.05,230000,0.307,0.01,0.683,0.4844498096692495
spend_lift,0.05,240000,0.3225,0.01,0.6675,0.4880528727842417
spend_lift,0.05,250000,0.334,0.01,0.656,0.4915247798352102
spend_lift,0.05,260000,0.3505,0.01,0.6395,0.4948500143787923
spend_lift,0.05,270000,0.363,0.01,0.627,0.4979725264874049
spend_lift,0.05,280000,0.376,0.01,0.614,0.5009926273791397
spend_lift,0.05,290000,0.3915,0.01,0.5985,0.5038723174780211
spend_lift,0.05,300000,0.405,0.01,0.585,0.5066293595533273
spend_lift,0.05,310000,0.4215,0.01,0.5685,0.5092707354206109
spend_lift,0.05,320000,0.4365,0.01,0.5535,0.51177024456587
spend_lift,0.05,330000,0.4495,0.01,0.5405,0.5141563956523018
spend_lift,0.05,340000,0.464,0.01,0.526,0.5164550974662084
spend_lift,0.05,350000,0.477,0.01,0.513,0.5186161111363056
spend_lift,0.05,360000,0.4905,0.01,0.4995,0.520696074894969
spend_lift,0.05,370000,0.5035,0.01,0.4865,0.522700391948463
spend_lift,0.05,380000,0.517,0.01,0.473,0.5245582273642729
spend_lift,0.05,390000,0.5295,0.01,0.4605,0.5263400270449643
spend_lift,0.05,400000,0.5405,0.01,0.4495,0.5280763139649236
spend_lift,0.05,410000,0.554,0.01,0.436,0.5297453903895362
spend_lift,0.05,420000,0.564,0.01,0.426,0.5313665258272784
spend_lift,0.05,430000,0.5765,0.01,0.4135,0.5329180930150513
spend_lift,0.05,440000,0.593,0.01,0.397,0.5343885592224512
spend_lift,0.05,450000,0.607,0.01,0.383,0.5357923161660274
spend_lift,0.05,460000,0.6235,0.01,0.3665,0.5371180600902592
spend_lift,0.05,470000,0.6335,0.01,0.3565,0.538351224170757
spend_lift,0.05,480000,0.6435,0.01,0.3465,0.5395292372522806
spend_lift,0.05,490000,0.6565,0.01,0.3335,0.5406514326438946
spend_lift,0.05,500000,0.6695,0.01,0.3205,0.5417115740035428
spend_lift,0.05,510000,0.68,0.01,0.31,0.542729142683715
spend_lift,0.05,520000,0.6865,0.01,0.3035,0.5437018514578019
spend_lift,0.05,530000,0.695,0.01,0.295,0.5446332578397456
spend_lift,0.05,540000,0.7065,0.01,0.2835,0.545512420469199
spend_lift,0.05,550000,0.719,0.01,0.271,0.5463356010043527
spend_lift,0.05,560000,0.732,0.01,0.258,0.5471127295863996
spend_lift,0.05,570000,0.7395,0.01,0.2505,0.5478418758910262
spend_lift,0.05,580000,0.7475,0.01,0.2425,0.5485258565653386
spend_lift,0.05,590000,0.7545,0.01,0.2355,0.549178409400484
spend_lift,0.05,600000,0.7645,0.01,0.2255,0.5498013337732804
spend_lift,0.05,610000,0.776,0.01,0.214,0.5503879276904136
spend_lift,0.05,620000,0.788,0.01,0.202,0.5509370411375241
spend_lift,0.05,630000,0.7975,0.01,0.1925,0.551451070990275
spend_lift,0.05,640000,0.8075,0.01,0.1825,0.5519236983216063
spend_lift,0.05,650000,0.814,0.01,0.176,0.552372515328176
spend_lift,0.05,660000,0.8195,0.01,0.1705,0.5528050145217237
spend_lift,0.05,670000,0.828,0.01,0.162,0.5532137471339279
spend_lift,0.05,680000,0.8335,0.01,0.1565,0.5536023698093793
spend_lift,0.05,690000,0.8395,0.01,0.1505,0.5539747605753523
spend_lift,0.05,700000,0.843,0.01,0.147,0.5543278419969756
spend_lift,0.05,710000,0.849,0.01,0.141,0.554666136487385
spend_lift,0.05,720000,0.853,0.01,0.137,0.5549815964553716
spend_lift,0.05,730000,0.857,0.01,0.133,0.5552865258938497
spend_lift,0.05,740000,0.8625,0.01,0.1275,0.5555741060820604
spend_lift,0.05,750000,0.8685,0.01,0.1215,0.5558413616708349
spend_lift,0.05,760000,0.8745,0.01,0.1155,0.5560905649344411
spend_lift,0.05,770000,0.877,0.01,0.113,0.5563292806002901
spend_lift,0.05,780000,0.881,0.01,0.109,0.5565548923092168
spend_lift,0.05,790000,0.8845,0.01,0.1055,0.5567721525941256
spend_lift,0.05,800000,0.887,0.01,0.103,0.5569810750122725
spend_lift,0.05,810000,0.8915,0.01,0.0985,0.5571830680109454
spend_lift,0.05,820000,0.897,0.01,0.093,0.5573716174101389
spend_lift,0.05,830000,0.9015,0.01,0.0885,0.5575500875622981
spend_lift,0.05,840000,0.9055,0.01,0.0845,0.5577126645106832
spend_lift,0.05,850000,0.908,0.01,0.082,0.5578631077013226
spend_lift,0.05,860000,0.9105,0.01,0.0795,0.5580049718284001
spend_lift,0.05,870000,0.9135,0.01,0.0765,0.5581423241497423
spend_lift,0.05,880000,0.9195,0.01,0.0705,0.5582714620305441
spend_lift,0.05,890000,0.922,0.01,0.068,0.5583897124220724
spend_lift,0.05,900000,0.926,0.01,0.064,0.5585002956669878
spend_lift,0.05,910000,0.9265,0.01,0.0635,0.558604784736601
spend_lift,0.05,920000,0.929,0.01,0.061,0.5587073931632508
spend_lift,0.05,930000,0.93,0.01,0.06,0.5588057832331642
spend_lift,0.05,940000,0.9315,0.01,0.0585,0.5589001409461799
spend_lift,0.05,950000,0.934,0.01,0.056,0.5589923622524154
spend_lift,0.05,960000,0.937,0.01,0.053,0.5590769545703961
spend_lift,0.05,970000,0.9395,0.01,0.0505,0.559155739662625
spend_lift,0.05,980000,0.941,0.01,0.049,0.5592330910980923
spend_lift,0.05,990000,0.9435,0.01,0.0465,0.5593068783137405
spend_lift,0.05,1000000,0.945,0.01,0.045,0.5593762575681787
spend_lift,0.05,1010000,0.948,0.01,0.042,0.5594390253335868
spend_lift,0.05,1020000,0.948,0.01,0.042,0.5594984958199001
spend_lift,0.05,1030000,0.949,0.01,0.041,0.5595563396226307
spend_lift,0.05,1040000,0.951,0.01,0.039,0.5596135898047906
spend_lift,0.05,1050000,0.9525,0.01,0.0375,0.5596667430705746
spend_lift,0.05,1060000,0.9535,0.01,0.0365,0.5597180669150637
spend_lift,0.05,1070000,0.9565,0.01,0.0335,0.5597664994466249
spend_lift,0.05,1080000,0.958,0.01,0.032,0.5598115424760679
spend_lift,0.05,1090000,0.959,0.01,0.031,0.5598548074284344
spend_lift,0.05,1100000,0.9595,0.01,0.0305,0.5598971011982425
spend_lift,0.05,1110000,0.96,0.01,0.03,0.5599384020199141
spend_lift,0.05,1120000,0.9615,0.01,0.0285,0.559979034778949
spend_lift,0.05,1130000,0.9625,0.01,0.0275,0.5600197266525928
spend_lift,0.05,1140000,0.964,0.01,0.026,0.560058378218232
spend_lift,0.05,1150000,0.964,0.01,0.026,0.560094988611062
spend_lift,0.05,1160000,0.966,0.01,0.024,0.5601303008501195
spend_lift,0.05,1170000,0.9665,0.01,0.0235,0.5601611456315602
spend_lift,0.05,1180000,0.967,0.01,0.023,0.560190442178595
spend_lift,0.05,1190000,0.9675,0.01,0.0225,0.5602192450475495
spend_lift,0.05,1200000,0.968,0.01,0.022,0.5602469492912471
spend_lift,0.05,1210000,0.9695,0.01,0.0205,0.560273310961847
spend_lift,0.05,1220000,0.9705,0.01,0.0195,0.5602952271480977
spend_lift,0.05,1230000,0.971,0.01,0.019,0.5603158044973918
spend_lift,0.05,1240000,0.972,0.01,0.018,0.5603360425895612
spend_lift,0.05,1250000,0.9725,0.01,0.0175,0.5603538831631438
spend_lift,0.05,1260000,0.973,0.01,0.017,0.5603707110910392
spend_lift,0.05,1270000,0.9755,0.01,0.0145,0.560385538925264
spend_lift,0.05,1280000,0.9765,0.01,0.0135,0.5603988236611275
spend_lift,0.05,1290000,0.9775,0.01,0.0125,0.5604108993313721
spend_lift,0.05,1300000,0.979,0.01,0.011,0.5604210552220411
spend_lift,0.05,1310000,0.979,0.01,0.011,0.5604301142032507
spend_lift,0.05,1320000,0.9795,0.01,0.0105,0.5604392269283666
spend_lift,0.05,1330000,0.9795,0.01,0.0105,0.5604481726819551
spend_lift,0.05,1340000,0.9805,0.01,0.0095,0.5604565536731386
spend_lift,0.05,1350000,0.9805,0.01,0.0095,0.5604644864868478
spend_lift,0.05,1360000,0.9805,0.01,0.0095,0.5604725695532966
spend_lift,0.05,1370000,0.9805,0.01,0.0095,0.5604806532319141
spend_lift,0.05,1380000,0.981,0.01,0.009,0.5604891855652806
spend_lift,0.05,1390000,0.981,0.01,0.009,0.5604971928064443
spend_lift,0.05,1400000,0.981,0.01,0.009,0.5605051406584485
spend_lift,0.05,1410000,0.9815,0.01,0.0085,0.5605125845850724
spend_lift,0.05,1420000,0.9815,0.01,0.0085,0.5605202783194644
spend_lift,0.05,1430000,0.9815,0.01,0.0085,0.560527796617012
spend_lift,0.05,1440000,0.9815,0.01,0.0085,0.5605353292437603
spend_lift,0.05,1450000,0.982,0.01,0.008,0.5605426431446223
spend_lift,0.05,1460000,0.982,0.01,0.008,0.5605496874384344
spend_lift,0.05,1470000,0.9825,0.01,0.0075,0.5605563527224326
spend_lift,0.05,1480000,0.984,0.01,0.006,0.5605620324286154
spend_lift,0.05,1490000,0.984,0.01,0.006,0.5605669558074472
spend_lift,0.05,1500000,0.9845,0.01,0.0055,0.5605712868316659
payer_lift,0.05,10000,0.007,0.003,0.99,0.26314294999999993
payer_lift,0.05,20000,0.0275,0.0075,0.965,0.29974465386904764
payer_lift,0.05,30000,0.0375,0.01,0.9525,0.3199795415313853
payer_lift,0.05,40000,0.049,0.0105,0.9405,0.3360582981490323
payer_lift,0.05,50000,0.058,0.011,0.931,0.34914287664611493
payer_lift,0.05,60000,0.073,0.0115,0.9155,0.3605704846962673
payer_lift,0.05,70000,0.0815,0.0115,0.907,0.37080640259163283
payer_lift,0.05,80000,0.0955,0.012,0.8925,0.38063341577145526
payer_lift,0.05,90000,0.105,0.012,0.883,0.3897030989291453
payer_lift,0.05,100000,0.1165,0.012,0.8715,0.39797751681865384
payer_lift,0.05,110000,0.1285,0.0125,0.859,0.4057520068769138
payer_lift,0.05,120000,0.138,0.0125,0.8495,0.4130777949752338
payer_lift,0.05,130000,0.151,0.0125,0.8365,0.4201294399156676
payer_lift,0.05,140000,0.1635,0.0125,0.824,0.4266588952839971
payer_lift,0.05,150000,0.176,0.0125,0.8115,0.4327784156764627
payer_lift,0.05,160000,0.191,0.0125,0.7965,0.4385712573876246
payer_lift,0.05,170000,0.206,0.0125,0.7815,0.4439289633573718
payer_lift,0.05,180000,0.218,0.013,0.769,0.4489121869081533
payer_lift,0.05,190000,0.2335,0.013,0.7535,0.4536531763632534
payer_lift,0.05,200000,0.246,0.013,0.741,0.4581869061460721
payer_lift,0.05,210000,0.258,0.0135,0.7285,0.46253847891703215
payer_lift,0.05,220000,0.274,0.0135,0.7125,0.4667452637319981
payer_lift,0.05,230000,0.285,0.0135,0.7015,0.47081723577315066
payer_lift,0.05,240000,0.299,0.0135,0.6875,0.4747164666166154
payer_lift,0.05,250000,0.312,0.014,0.674,0.4784223298453934
payer_lift,0.05,260000,0.3275,0.0145,0.658,0.48196646630726897
payer_lift,0.05,270000,0.341,0.0145,0.6445,0.48533706176169106
payer_lift,0.05,280000,0.3595,0.0145,0.626,0.48858887340399965
payer_lift,0.05,290000,0.375,0.0145,0.6105,0.49167740628902395
payer_lift,0.05,300000,0.3885,0.0145,0.597,0.49465743713202476
payer_lift,0.05,310000,0.4015,0.0145,0.584,0.49752051853925733
payer_lift,0.05,320000,0.416,0.015,0.569,0.5002825704424837
payer_lift,0.05,330000,0.4335,0.015,0.5515,0.502923690547086
payer_lift,0.05,340000,0.4505,0.015,0.5345,0.5054196166512991
payer_lift,0.05,350000,0.458,0.015,0.527,0.5077956991033208
payer_lift,0.05,360000,0.4705,0.015,0.5145,0.510080126249908
payer_lift,0.05,370000,0.4825,0.015,0.5025,0.5122832991619418
payer_lift,0.05,380000,0.496,0.015,0.489,0.5143766423421792
payer_lift,0.05,390000,0.51,0.015,0.475,0.5163633241217738
payer_lift,0.05,400000,0.5235,0.015,0.4615,0.5182847190252567
payer_lift,0.05,410000,0.5335,0.015,0.4515,0.5201051170247872
payer_lift,0.05,420000,0.5515,0.015,0.4335,0.5218350465977737
payer_lift,0.05,430000,0.561,0.015,0.424,0.5234868716275556
payer_lift,0.05,440000,0.575,0.015,0.41,0.5250349067477346
payer_lift,0.05,450000,0.588,0.015,0.397,0.5265012697390555
payer_lift,0.05,460000,0.6025,0.015,0.3825,0.5278825480582573
payer_lift,0.05,470000,0.6125,0.015,0.3725,0.5292019759266146
payer_lift,0.05,480000,0.6275,0.015,0.3575,0.5304855621551993
payer_lift,0.05,490000,0.6385,0.015,0.3465,0.5316862613849274
payer_lift,0.05,500000,0.651,0.015,0.334,0.5328280303968393
payer_lift,0.05,510000,0.6595,0.015,0.3255,0.5338892573442269
payer_lift,0.05,520000,0.673,0.015,0.312,0.5348960722560819
payer_lift,0.05,530000,0.6805,0.015,0.3045,0.5358459798689705
payer_lift,0.05,540000,0.692,0.015,0.293,0.5367502987071091
payer_lift,0.05,550000,0.701,0.015,0.284,0.537602229583656
payer_lift,0.05,560000,0.709,0.015,0.276,0.5384092275478534
payer_lift,0.05,570000,0.7165,0.015,0.2685,0.5391880018168101
payer_lift,0.05,580000,0.7295,0.015,0.2555,0.5399397347218851
payer_lift,0.05,590000,0.74,0.015,0.245,0.5406398735911182
payer_lift,0.05,600000,0.7485,0.015,0.2365,0.5413050577782894
payer_lift,0.05,610000,0.756,0.015,0.229,0.5419323529255419
payer_lift,0.05,620000,0.7635,0.015,0.2215,0.5425277794769088
payer_lift,0.05,630000,0.771,0.015,0.214,0.5430987902309571
payer_lift,0.05,640000,0.7785,0.015,0.2065,0.5436504210853064
payer_lift,0.05,650000,0.7845,0.015,0.2005,0.5441726817084126
payer_lift,0.05,660000,0.7925,0.015,0.1925,0.5446645146464171
payer_lift,0.05,670000,0.7965,0.015,0.1885,0.5451325030411162
payer_lift,0.05,680000,0.8015,0.015,0.1835,0.5455869082651831
payer_lift,0.05,690000,0.807,0.015,0.178,0.5460270003238559
payer_lift,0.05,700000,0.814,0.015,0.171,0.5464460734237085
payer_lift,0.05,710000,0.8185,0.015,0.1665,0.5468480838244186
payer_lift,0.05,720000,0.8235,0.015,0.1615,0.5472364160032474
payer_lift,0.05,730000,0.828,0.015,0.157,0.5476042332333534
payer_lift,0.05,740000,0.8325,0.015,0.1525,0.5479584154545998
payer_lift,0.05,750000,0.8375,0.015,0.1475,0.5482942764562058
payer_lift,0.05,760000,0.844,0.015,0.141,0.5486113507745165
payer_lift,0.05,770000,0.85,0.015,0.135,0.5489053061966274
payer_lift,0.05,780000,0.856,0.015,0.129,0.549183694820102
payer_lift,0.05,790000,0.8595,0.015,0.1255,0.54944490597154
payer_lift,0.05,800000,0.863,0.015,0.122,0.5496960272327664
payer_lift,0.05,810000,0.866,0.015,0.119,0.5499392876863095
payer_lift,0.05,820000,0.869,0.015,0.116,0.5501733468624584
payer_lift,0.05,830000,0.872,0.015,0.113,0.5504014945079498
payer_lift,0.05,840000,0.8765,0.015,0.1085,0.550617715508876
payer_lift,0.05,850000,0.8815,0.015,0.1035,0.5508265742813303
payer_lift,0.05,860000,0.887,0.015,0.098,0.5510201914343228
payer_lift,0.05,870000,0.8915,0.015,0.0935,0.55120229468942
payer_lift,0.05,880000,0.8935,0.015,0.0915,0.5513776228495207
payer_lift,0.05,890000,0.8975,0.015,0.0875,0.5515464502931409
payer_lift,0.05,900000,0.8995,0.015,0.0855,0.5517066647520702
payer_lift,0.05,910000,0.9035,0.015,0.0815,0.5518607935962794
payer_lift,0.05,920000,0.907,0.015,0.078,0.5520044908728367
payer_lift,0.05,930000,0.9105,0.015,0.0745,0.552141645306698
payer_lift,0.05,940000,0.9155,0.015,0.0695,0.5522703500357315
payer_lift,0.05,950000,0.918,0.015,0.067,0.5523895517882956
payer_lift,0.05,960000,0.921,0.015,0.064,0.5525016821511094
payer_lift,0.05,970000,0.9255,0.015,0.0595,0.5526087952491874
payer_lift,0.05,980000,0.929,0.015,0.056,0.5527039748781724
payer_lift,0.05,990000,0.9295,0.015,0.0555,0.552792700470225
payer_lift,0.05,1000000,0.9325,0.015,0.0525,0.5528790817254223
payer_lift,0.05,1010000,0.934,0.015,0.051,0.552956551066994
payer_lift,0.05,1020000,0.935,0.015,0.05,0.5530294823152131
payer_lift,0.05,1030000,0.9365,0.015,0.0485,0.5531032337680242
payer_lift,0.05,1040000,0.9385,0.015,0.0465,0.55317462120442
payer_lift,0.05,1050000,0.94,0.015,0.045,0.5532427998299356
payer_lift,0.05,1060000,0.9415,0.015,0.0435,0.5533070761055008
payer_lift,0.05,1070000,0.942,0.015,0.043,0.5533683484207891
payer_lift,0.05,1080000,0.945,0.015,0.04,0.5534253186660644
payer_lift,0.05,1090000,0.9475,0.015,0.0375,0.5534766074504605
payer_lift,0.05,1100000,0.9485,0.015,0.0365,0.5535249854924612
payer_lift,0.05,1110000,0.951,0.015,0.034,0.5535713442507326
payer_lift,0.05,1120000,0.953,0.015,0.032,0.5536147858709066
payer_lift,0.05,1130000,0.954,0.015,0.031,0.5536561260437016
payer_lift,0.05,1140000,0.955,0.015,0.03,0.553696978106884
payer_lift,0.05,1150000,0.9565,0.015,0.0285,0.5537350733975906
payer_lift,0.05,1160000,0.958,0.015,0.027,0.553770670113918
payer_lift,0.05,1170000,0.9585,0.015,0.0265,0.5538054325352996
payer_lift,0.05,1180000,0.959,0.015,0.026,0.55384087336209
payer_lift,0.05,1190000,0.96,0.015,0.025,0.5538751104292428
payer_lift,0.05,1200000,0.961,0.015,0.024,0.5539076589775214
payer_lift,0.05,1210000,0.9615,0.015,0.0235,0.5539395127658283
payer_lift,0.05,1220000,0.964,0.015,0.021,0.5539680720769327
payer_lift,0.05,1230000,0.965,0.015,0.02,0.5539949879200735
payer_lift,0.05,1240000,0.965,0.015,0.02,0.5540202491645004
payer_lift,0.05,1250000,0.9665,0.015,0.0185,0.5540447744096908
payer_lift,0.05,1260000,0.967,0.015,0.018,0.5540680384541757
payer_lift,0.05,1270000,0.9675,0.015,0.0175,0.554090634246129
payer_lift,0.05,1280000,0.969,0.015,0.016,0.554112138417099
payer_lift,0.05,1290000,0.97,0.015,0.015,0.5541324782359414
payer_lift,0.05,1300000,0.9705,0.015,0.0145,0.554151036700903
payer_lift,0.05,1310000,0.9715,0.015,0.0135,0.5541684066867956
payer_lift,0.05,1320000,0.973,0.015,0.012,0.5541842585940482
payer_lift,0.05,1330000,0.9735,0.015,0.0115,0.554198503018705
payer_lift,0.05,1340000,0.974,0.015,0.011,0.5542111441953407
payer_lift,0.05,1350000,0.9745,0.015,0.0105,0.5542237397685462
payer_lift,0.05,1360000,0.9745,0.015,0.0105,0.5542363052859752
payer_lift,0.05,1370000,0.975,0.015,0.01,0.5542485018362102
payer_lift,0.05,1380000,0.976,0.015,0.009,0.5542600135660753
payer_lift,0.05,1390000,0.976,0.015,0.009,0.554270850108146
payer_lift,0.05,1400000,0.976,0.015,0.009,0.5542813793424728
payer_lift,0.05,1410000,0.9765,0.015,0.0085,0.5542921857172871
payer_lift,0.05,1420000,0.977,0.015,0.008,0.5543021414539007
payer_lift,0.05,1430000,0.977,0.015,0.008,0.5543115590250618
payer_lift,0.05,1440000,0.9775,0.015,0.0075,0.5543208933965771
payer_lift,0.05,1450000,0.9775,0.015,0.0075,0.5543298209923626
payer_lift,0.05,1460000,0.9775,0.015,0.0075,0.5543388321142332
payer_lift,0.05,1470000,0.9775,0.015,0.0075,0.5543477529487312
payer_lift,0.05,1480000,0.978,0.015,0.007,0.5543569400557362
payer_lift,0.05,1490000,0.9785,0.015,0.0065,0.55436543912514
payer_lift,0.05,1500000,0.9785,0.015,0.0065,0.5543734529237978
spend_lift,0.1,10000,0.027,0.0015,0.9715,0.27927815
spend_lift,0.1,20000,0.0675,0.005,0.9275,0.3524838111111111
spend_lift,0.1,30000,0.119,0.0065,0.8745,0.3932913470376845
spend_lift,0.1,40000,0.17,0.0065,0.8235,0.4224056098397571
spend_lift,0.1,50000,0.2255,0.0065,0.768,0.44509546263149435
spend_lift,0.1,60000,0.281,0.0065,0.7125,0.46331761572606583
spend_lift,0.1,70000,0.3315,0.0065,0.662,0.4781803643109122
spend_lift,0.1,80000,0.39,0.0065,0.6035,0.49057483610123553
spend_lift,0.1,90000,0.449,0.0065,0.5445,0.5007334822264431
spend_lift,0.1,100000,0.4965,0.0065,0.497,0.509219201972331
spend_lift,0.1,110000,0.5455,0.0065,0.448,0.5163281486554395
spend_lift,0.1,120000,0.593,0.0065,0.4005,0.5221936271497275
spend_lift,0.1,130000,0.636,0.0065,0.3575,0.527031668090387
spend_lift,0.1,140000,0.679,0.0065,0.3145,0.5310086552101873
spend_lift,0.1,150000,0.713,0.0065,0.2805,0.534258358205314
spend_lift,0.1,160000,0.7455,0.0065,0.248,0.537064921170207
spend_lift,0.1,170000,0.772,0.0065,0.2215,0.5394088929733905
spend_lift,0.1,180000,0.802,0.0065,0.1915,0.5413681842090091
spend_lift,0.1,190000,0.828,0.0065,0.1655,0.5429964983826862
spend_lift,0.1,200000,0.8475,0.0065,0.146,0.5443279147493226
spend_lift,0.1,210000,0.864,0.0065,0.1295,0.5454838715857647
spend_lift,0.1,220000,0.879,0.0065,0.1145,0.5464530838700132
spend_lift,0.1,230000,0.8945,0.0065,0.099,0.5472345284523651
spend_lift,0.1,240000,0.9095,0.0065,0.084,0.5479072869639433
spend_lift,0.1,250000,0.923,0.0065,0.0705,0.5484555994955972
spend_lift,0.1,260000,0.9385,0.0065,0.055,0.5488797728370451
spend_lift,0.1,270000,0.946,0.0065,0.0475,0.5491999193729316
spend_lift,0.1,280000,0.951,0.0065,0.0425,0.5494701464435516
spend_lift,0.1,290000,0.957,0.0065,0.0365,0.5496869377972579
spend_lift,0.1,300000,0.9625,0.0065,0.031,0.5498666128913774
spend_lift,0.1,310000,0.968,0.0065,0.0255,0.5500101630264712
spend_lift,0.1,320000,0.974,0.0065,0.0195,0.5501270750144152
spend_lift,0.1,330000,0.9775,0.0065,0.016,0.5502157186771028
spend_lift,0.1,340000,0.981,0.0065,0.0125,0.5502819096662475
spend_lift,0.1,350000,0.9825,0.0065,0.011,0.5503320549431494
spend_lift,0.1,360000,0.984,0.0065,0.0095,0.5503762057406711
spend_lift,0.1,370000,0.985,0.0065,0.0085,0.5504126080234484
spend_lift,0.1,380000,0.9855,0.0065,0.008,0.5504468637104962
spend_lift,0.1,390000,0.987,0.0065,0.0065,0.5504754755665936
spend_lift,0.1,400000,0.988,0.0065,0.0055,0.5505004915560803
spend_lift,0.1,410000,0.9885,0.0065,0.005,0.5505243446634451
spend_lift,0.1,420000,0.9895,0.0065,0.004,0.5505460927183108
spend_lift,0.1,430000,0.99,0.0065,0.0035,0.55056220032736
spend_lift,0.1,440000,0.9905,0.0065,0.003,0.5505764937832367
spend_lift,0.1,450000,0.9915,0.0065,0.002,0.5505859372866755
spend_lift,0.1,460000,0.9915,0.0065,0.002,0.5505937268760475
spend_lift,0.1,470000,0.992,0.0065,0.0015,0.5506005837796741
spend_lift,0.1,480000,0.9925,0.0065,0.001,0.5506048143791215
spend_lift,0.1,490000,0.9925,0.0065,0.001,0.5506083252422166
spend_lift,0.1,500000,0.9925,0.0065,0.001,0.5506120756707881
spend_lift,0.1,510000,0.993,0.0065,0.0005,0.550614592143798
payer_lift,0.1,10000,0.0175,0.001,0.9815,0.27753639999999996
payer_lift,0.1,20000,0.0675,0.002,0.9305,0.34990150674603177
payer_lift,0.1,30000,0.1145,0.0025,0.883,0.3906819042610168
payer_lift,0.1,40000,0.1655,0.0025,0.832,0.4210033979260924
payer_lift,0.1,50000,0.2335,0.0025,0.764,0.44564649722662886
payer_lift,0.1,60000,0.2925,0.0025,0.705,0.4649892149080247
payer_lift,0.1,70000,0.3455,0.0025,0.652,0.48054688026379677
payer_lift,0.1,80000,0.403,0.0025,0.5945,0.493631935653538
payer_lift,0.1,90000,0.458,0.0025,0.5395,0.5046531525065651
payer_lift,0.1,100000,0.5155,0.0025,0.482,0.5137339962470168
payer_lift,0.1,110000,0.5715,0.0025,0.426,0.5209508370996156
payer_lift,0.1,120000,0.627,0.0025,0.3705,0.5267398263608861
payer_lift,0.1,130000,0.666,0.0025,0.3315,0.5313931142031795
payer_lift,0.1,140000,0.7025,0.0025,0.295,0.535256138681616
payer_lift,0.1,150000,0.7375,0.0025,0.26,0.5383878279803527
payer_lift,0.1,160000,0.7675,0.0025,0.23,0.5410323889314032
payer_lift,0.1,170000,0.7925,0.0025,0.205,0.5432433138583174
payer_lift,0.1,180000,0.8165,0.0025,0.181,0.5451124512814398
payer_lift,0.1,190000,0.8435,0.0025,0.154,0.5466726021506891
payer_lift,0.1,200000,0.863,0.0025,0.1345,0.5478978423936576
payer_lift,0.1,210000,0.879,0.0025,0.1185,0.5489381722857379
payer_lift,0.1,220000,0.898,0.0025,0.0995,0.5498123858065217
payer_lift,0.1,230000,0.9165,0.0025,0.081,0.5504799651396322
payer_lift,0.1,240000,0.9295,0.0025,0.068,0.5510042883666966
payer_lift,0.1,250000,0.9425,0.0025,0.055,0.5514167314129114
payer_lift,0.1,260000,0.9495,0.0025,0.048,0.5517445745597636
payer_lift,0.1,270000,0.953,0.0025,0.0445,0.5520215527451569
payer_lift,0.1,280000,0.9575,0.0025,0.04,0.5522628454895162
payer_lift,0.1,290000,0.963,0.0025,0.0345,0.5524713001728636
payer_lift,0.1,300000,0.968,0.0025,0.0295,0.5526396048020918
payer_lift,0.1,310000,0.973,0.0025,0.0245,0.552769822140118
payer_lift,0.1,320000,0.9755,0.0025,0.022,0.5528783309999287
payer_lift,0.1,330000,0.9785,0.0025,0.019,0.5529706698446987
payer_lift,0.1,340000,0.981,0.0025,0.0165,0.5530520345714712
payer_lift,0.1,350000,0.9835,0.0025,0.014,0.5531217665393782
payer_lift,0.1,360000,0.987,0.0025,0.0105,0.5531747546883592
payer_lift,0.1,370000,0.9875,0.0025,0.01,0.5532167576517623
payer_lift,0.1,380000,0.9895,0.0025,0.008,0.5532508453276682
payer_lift,0.1,390000,0.9915,0.0025,0.006,0.5532749837559409
payer_lift,0.1,400000,0.993,0.0025,0.0045,0.5532895542740549
payer_lift,0.1,410000,0.9935,0.0025,0.004,0.553301377501838
payer_lift,0.1,420000,0.994,0.0025,0.0035,0.5533117893488059
payer_lift,0.1,430000,0.994,0.0025,0.0035,0.5533183110542321
payer_lift,0.1,440000,0.994,0.0025,0.0035,0.553324417000321
payer_lift,0.1,450000,0.9945,0.0025,0.003,0.5533297104499518
payer_lift,0.1,460000,0.995,0.0025,0.0025,0.5533344378654107
payer_lift,0.1,470000,0.995,0.0025,0.0025,0.5533370389292404
payer_lift,0.1,480000,0.995,0.0025,0.0025,0.5533404816154107
payer_lift,0.1,490000,0.995,0.0025,0.0025,0.5533444541919412
payer_lift,0.1,500000,0.995,0.0025,0.0025,0.5533487858654107
payer_lift,0.1,510000,0.9955,0.0025,0.002,0.5533529898261951
payer_lift,0.1,520000,0.9955,0.0025,0.002,0.5533567827372056
payer_lift,0.1,530000,0.9955,0.0025,0.002,0.5533603561044045
payer_lift,0.1,540000,0.9955,0.0025,0.002,0.55336364712467
payer_lift,0.1,550000,0.996,0.0025,0.0015,0.5533670439260168
payer_lift,0.1,560000,0.9965,0.0025,0.001,0.5533689464917724
payer_lift,0.1,570000,0.9965,0.0025,0.001,0.5533701851509202
payer_lift,0.1,580000,0.997,0.0025,0.0005,0.5533709362399551
payer_lift,0.1,590000,0.997,0.0025,0.0005,0.5533714637677167
payer_lift,0.1,600000,0.997,0.0025,0.0005,0.5533720362112196
payer_lift,0.1,610000,0.997,0.0025,0.0005,0.5533723103778861
payer_lift,0.1,620000,0.997,0.0025,0.0005,0.5533724265069185
payer_lift,0.1,630000,0.997,0.0025,0.0005,0.5533726048223306
payer_lift,0.1,640000,0.997,0.0025,0.0005,0.5533727150653862
payer_lift,0.1,650000,0.997,0.0025,0.0005,0.5533729096086554
payer_lift,0.1,660000,0.997,0.0025,0.0005,0.5533733876506135
payer_lift,0.1,670000,0.997,0.0025,0.0005,0.5533737051540056
payer_lift,0.1,680000,0.997,0.0025,0.0005,0.5533740449367096
payer_lift,0.1,690000,0.997,0.0025,0.0005,0.5533743799431036
payer_lift,0.1,700000,0.997,0.0025,0.0005,0.5533747639493148
payer_lift,0.1,710000,0.997,0.0025,0.0005,0.5533751941807031
payer_lift,0.1,720000,0.997,0.0025,0.0005,0.5533755923223307
spend_lift,0.15,10000,0.047,0.0005,0.9525,0.29328819999999994
spend_lift,0.15,20000,0.1735,0.001,0.8255,0.39674744573412696
spend_lift,0.15,30000,0.3005,0.001,0.6985,0.44706233696373066
spend_lift,0.15,40000,0.448,0.001,0.551,0.47753735407329384
spend_lift,0.15,50000,0.5585,0.001,0.4405,0.49627197986545457
spend_lift,0.15,60000,0.6525,0.001,0.3465,0.5088888889749307
spend_lift,0.15,70000,0.7315,0.001,0.2675,0.5173182887081286
spend_lift,0.15,80000,0.794,0.001,0.205,0.5229813005818336
spend_lift,0.15,90000,0.85,0.001,0.149,0.5266727462784428
spend_lift,0.15,100000,0.8825,0.001,0.1165,0.5291028929754352
spend_lift,0.15,110000,0.9195,0.001,0.0795,0.5307771266519202
spend_lift,0.15,120000,0.9385,0.001,0.0605,0.5318916168768574
spend_lift,0.15,130000,0.96,0.001,0.039,0.5326281910601856
spend_lift,0.15,140000,0.9715,0.001,0.0275,0.5330375035624648
spend_lift,0.15,150000,0.979,0.001,0.02,0.5333133092883852
spend_lift,0.15,160000,0.9845,0.001,0.0145,0.5334918762769996
spend_lift,0.15,170000,0.9905,0.001,0.0085,0.5335907613527964
spend_lift,0.15,180000,0.991,0.001,0.008,0.5336606644573715
spend_lift,0.15,190000,0.9945,0.001,0.0045,0.5337130641245017
spend_lift,0.15,200000,0.996,0.001,0.003,0.5337470989174837
spend_lift,0.15,210000,0.997,0.001,0.002,0.5337724203610806
spend_lift,0.15,220000,0.9985,0.001,0.0005,0.5337901562189923
spend_lift,0.15,230000,0.9985,0.001,0.0005,0.5337921996972531
spend_lift,0.15,240000,0.9985,0.001,0.0005,0.5337931749689921
spend_lift,0.15,250000,0.9985,0.001,0.0005,0.5337949222189923
payer_lift,0.15,10000,0.047,0.0015,0.9515,0.2908784
payer_lift,0.15,20000,0.167,0.002,0.831,0.3901476199404762
payer_lift,0.15,30000,0.293,0.002,0.705,0.44140958902139527
payer_lift,0.15,40000,0.4125,0.002,0.5855,0.4735945010731238
payer_lift,0.15,50000,0.5405,0.002,0.4575,0.49405489699962485
payer_lift,0.15,60000,0.638,0.002,0.36,0.5073403070515525
payer_lift,0.15,70000,0.721,0.002,0.277,0.5163033239627012
payer_lift,0.15,80000,0.795,0.002,0.203,0.5222934643554038
payer_lift,0.15,90000,0.85,0.002,0.148,0.5260693001318999
payer_lift,0.15,100000,0.8905,0.002,0.1075,0.5284867678007159
payer_lift,0.15,110000,0.9185,0.002,0.0795,0.5300863770462735
payer_lift,0.15,120000,0.9475,0.002,0.0505,0.5311546480935102
payer_lift,0.15,130000,0.964,0.002,0.034,0.5317880143348891
payer_lift,0.15,140000,0.973,0.002,0.025,0.5321965119043705
payer_lift,0.15,150000,0.9805,0.002,0.0175,0.5324471012417048
payer_lift,0.15,160000,0.9855,0.002,0.0125,0.5325966716579275
payer_lift,0.15,170000,0.991,0.002,0.007,0.5326916737400846
payer_lift,0.15,180000,0.993,0.002,0.005,0.5327442060510951
payer_lift,0.15,190000,0.9955,0.002,0.0025,0.5327794864766732
payer_lift,0.15,200000,0.9965,0.002,0.0015,0.5327937008066506
payer_lift,0.15,210000,0.9975,0.002,0.0005,0.5328017851802058
payer_lift,0.15,220000,0.9975,0.002,0.0005,0.5328039419983875
payer_lift,0.15,230000,0.9975,0.002,0.0005,0.5328059199628146
payer_lift,0.15,240000,0.9975,0.002,0.0005,0.5328074268468724
null,0.0,10000,0.0,0.0075,0.9925,0.25028105
null,0.0,20000,0.0,0.0145,0.9855,0.2504453421626984
null,0.0,30000,0.0,0.0165,0.9835,0.2507831138659951
null,0.0,40000,0.0,0.0205,0.9795,0.2506866845155049
null,0.0,50000,0.0,0.0225,0.9775,0.2507159480092937
null,0.0,60000,0.0,0.0255,0.9745,0.25079301267772874
null,0.0,70000,0.0,0.027,0.973,0.2511012148740618
null,0.0,80000,0.0,0.029,0.971,0.2514280188142006
null,0.0,90000,0.0,0.0305,0.9695,0.2513098852776153
null,0.0,100000,0.0,0.035,0.965,0.25108444445117273
null,0.0,110000,0.0,0.0365,0.9635,0.2508598641194239
null,0.0,120000,0.0,0.037,0.963,0.25053522346950363
null,0.0,130000,0.0,0.038,0.962,0.25031712235534004
null,0.0,140000,0.0,0.04,0.96,0.25007250165915007
null,0.0,150000,0.0,0.042,0.958,0.24978802401162975
null,0.0,160000,0.0,0.0425,0.9575,0.24947816075946525
null,0.0,170000,0.0,0.0445,0.9555,0.24922660705030086
null,0.0,180000,0.0,0.0455,0.9545,0.24895714339321012
null,0.0,190000,0.0,0.0465,0.9535,0.24874871109752053
null,0.0,200000,0.0,0.0475,0.9525,0.24857668565530674
null,0.0,210000,0.0,0.048,0.952,0.24840792704266937
null,0.0,220000,0.0,0.0485,0.9515,0.24822000589067322
null,0.0,230000,0.0,0.0495,0.9505,0.2480332433412661
null,0.0,240000,0.0,0.05,0.95,0.24780137021273504
null,0.0,250000,0.0,0.051,0.949,0.24764996214737522
null,0.0,260000,0.0,0.051,0.949,0.24754691968583678
null,0.0,270000,0.0,0.051,0.949,0.24749586925848632
null,0.0,280000,0.0,0.0515,0.9485,0.2475120125790749
null,0.0,290000,0.0,0.053,0.947,0.2475436045588504
null,0.0,300000,0.0,0.0535,0.9465,0.2475691332626404
null,0.0,310000,0.0,0.054,0.946,0.2476185235855771
null,0.0,320000,0.0,0.0555,0.9445,0.24767618022961063
null,0.0,330000,0.0,0.057,0.943,0.2477294416692526
null,0.0,340000,0.0,0.057,0.943,0.2477865250917125
null,0.0,350000,0.0,0.058,0.942,0.24786135407781826
null,0.0,360000,0.0,0.0595,0.9405,0.24794552225375663
null,0.0,370000,0.0,0.06,0.94,0.24803245540603874
null,0.0,380000,0.0,0.061,0.939,0.24813347197825614
null,0.0,390000,0.0,0.0615,0.9385,0.248225717486555
null,0.0,400000,0.0,0.0615,0.9385,0.24830827780706785
null,0.0,410000,0.0,0.0625,0.9375,0.24837042678324342
null,0.0,420000,0.0,0.063,0.937,0.24840584638865942
null,0.0,430000,0.0,0.064,0.936,0.2484242870162145
null,0.0,440000,0.0,0.064,0.936,0.24844653643481915
null,0.0,450000,0.0,0.0645,0.9355,0.24848154353692123
null,0.0,460000,0.0,0.0645,0.9355,0.24851671329537536
null,0.0,470000,0.0,0.0645,0.9355,0.2485579226385761
null,0.0,480000,0.0,0.065,0.935,0.24859827987525224
null,0.0,490000,0.0,0.065,0.935,0.24865425253681686
null,0.0,500000,0.0,0.065,0.935,0.24870798429191893
null,0.0,510000,0.0,0.065,0.935,0.248755084409566
null,0.0,520000,0.0,0.0655,0.9345,0.24879313724332025
null,0.0,530000,0.0,0.066,0.934,0.24882269172280302
null,0.0,540000,0.0,0.066,0.934,0.2488510668276248
null,0.0,550000,0.0,0.067,0.933,0.24887028734004832
null,0.0,560000,0.0,0.067,0.933,0.24887965516472366
null,0.0,570000,0.0,0.0675,0.9325,0.24888447674993672
null,0.0,580000,0.0,0.068,0.932,0.2489033373136146
null,0.0,590000,0.0,0.0695,0.9305,0.24890729708072548
null,0.0,600000,0.0,0.07,0.93,0.24892268585124838
null,0.0,610000,0.0,0.0705,0.9295,0.24892691160656308
null,0.0,620000,0.0,0.0705,0.9295,0.24893742394130658
null,0.0,630000,0.0,0.0705,0.9295,0.24894364223367732
null,0.0,640000,0.0,0.0705,0.9295,0.2489409466731614
null,0.0,650000,0.0,0.0705,0.9295,0.24894586020681528
null,0.0,660000,0.0,0.0705,0.9295,0.24894935136066146
null,0.0,670000,0.0,0.071,0.929,0.24895107247600615
null,0.0,680000,0.0,0.071,0.929,0.24894547013842935
null,0.0,690000,0.0,0.0715,0.9285,0.248939424303729
null,0.0,700000,0.0,0.072,0.928,0.24894876867350837
null,0.0,710000,0.0,0.072,0.928,0.248947696440108
null,0.0,720000,0.0,0.0725,0.9275,0.2489422904019096
null,0.0,730000,0.0,0.0735,0.9265,0.2489389694336388
null,0.0,740000,0.0,0.0735,0.9265,0.24894829920039183
null,0.0,750000,0.0,0.0735,0.9265,0.24894512884003145
null,0.0,760000,0.0,0.074,0.926,0.2489438892262756
null,0.0,770000,0.0,0.075,0.925,0.24894987217254397
null,0.0,780000,0.0,0.0755,0.9245,0.2489499439008157
null,0.0,790000,0.0,0.0755,0.9245,0.24895314015203282
null,0.0,800000,0.0,0.076,0.924,0.2489505961055554
null,0.0,810000,0.0,0.076,0.924,0.24895206585864182
null,0.0,820000,0.0,0.0765,0.9235,0.24895194061775056
null,0.0,830000,0.0,0.0765,0.9235,0.24894256846083015
null,0.0,840000,0.0,0.077,0.923,0.24893002017165697
null,0.0,850000,0.0,0.0775,0.9225,0.2489088401322167
null,0.0,860000,0.0,0.078,0.922,0.24888930727126574
null,0.0,870000,0.0,0.078,0.922,0.24886018130227347
null,0.0,880000,0.0,0.0785,0.9215,0.2488347079205347
null,0.0,890000,0.0,0.079,0.921,0.24881350435531646
null,0.0,900000,0.0,0.079,0.921,0.24878629493584084
null,0.0,910000,0.0,0.079,0.921,0.24876055275635364
null,0.0,920000,0.0,0.079,0.921,0.24874044518946398
null,0.0,930000,0.0,0.079,0.921,0.2487254442369161
null,0.0,940000,0.0,0.079,0.921,0.24869885819825216
null,0.0,950000,0.0,0.0795,0.9205,0.2486681352175833
null,0.0,960000,0.0,0.08,0.92,0.248638492426358
null,0.0,970000,0.0,0.08,0.92,0.24860896367850577
null,0.0,980000,0.0,0.08,0.92,0.24857996153775253
null,0.0,990000,0.0,0.08,0.92,0.24854664883418628
null,0.0,1000000,0.0,0.0805,0.9195,0.24851776967026246
null,0.0,1010000,0.0,0.0805,0.9195,0.24849380855145056
null,0.0,1020000,0.0,0.0805,0.9195,0.248482518729086
null,0.0,1030000,0.0,0.0805,0.9195,0.24846585734987411
null,0.0,1040000,0.0,0.0805,0.9195,0.24844385868949326
null,0.0,1050000,0.0,0.0805,0.9195,0.24841903238454818
null,0.0,1060000,0.0,0.0805,0.9195,0.24840333440611154
null,0.0,1070000,0.0,0.081,0.919,0.24838705093735544
null,0.0,1080000,0.0,0.081,0.919,0.24836547013517474
null,0.0,1090000,0.0,0.081,0.919,0.24834789081560288
null,0.0,1100000,0.0,0.081,0.919,0.24832914202911413
null,0.0,1110000,0.0,0.0815,0.9185,0.24831338910979014
null,0.0,1120000,0.0,0.0815,0.9185,0.24829227887410804
null,0.0,1130000,0.0,0.082,0.918,0.24826989711459466
null,0.0,1140000,0.0,0.0825,0.9175,0.24824728243981514
null,0.0,1150000,0.0,0.0825,0.9175,0.2482221328250173
null,0.0,1160000,0.0,0.0825,0.9175,0.24820414182426764
null,0.0,1170000,0.0,0.0825,0.9175,0.2481895331483172
null,0.0,1180000,0.0,0.0825,0.9175,0.24816861402619633
null,0.0,1190000,0.0,0.0825,0.9175,0.2481497746372204
null,0.0,1200000,0.0,0.083,0.917,0.2481295538213941
null,0.0,1210000,0.0,0.0835,0.9165,0.248109353408171
null,0.0,1220000,0.0,0.0835,0.9165,0.24809120469864648
null,0.0,1230000,0.0,0.0835,0.9165,0.24807085312261026
null,0.0,1240000,0.0,0.0835,0.9165,0.2480523733461875
null,0.0,1250000,0.0,0.0835,0.9165,0.2480340260461875
null,0.0,1260000,0.0,0.0835,0.9165,0.24801938505253668
null,0.0,1270000,0.0,0.0835,0.9165,0.24800881123988824
null,0.0,1280000,0.0,0.0835,0.9165,0.24799623350243746
null,0.0,1290000,0.0,0.084,0.916,0.24798273689306138
null,0.0,1300000,0.0,0.084,0.916,0.24797980438560757
null,0.0,1310000,0.0,0.084,0.916,0.2479737208477332
null,0.0,1320000,0.0,0.084,0.916,0.2479662006967964
null,0.0,1330000,0.0,0.0845,0.9155,0.2479570062563863
null,0.0,1340000,0.0,0.085,0.915,0.2479522621307662
null,0.0,1350000,0.0,0.085,0.915,0.24795491039223663
null,0.0,1360000,0.0,0.085,0.915,0.24796278110574427
null,0.0,1370000,0.0,0.085,0.915,0.24796610370664593
null,0.0,1380000,0.0,0.0855,0.9145,0.2479692405344569
null,0.0,1390000,0.0,0.0855,0.9145,0.24797417903148533
null,0.0,1400000,0.0,0.0855,0.9145,0.24797673876427054
null,0.0,1410000,0.0,0.086,0.914,0.24797505806947112
null,0.0,1420000,0.0,0.086,0.914,0.24797331355843324
null,0.0,1430000,0.0,0.086,0.914,0.24797030673286447
null,0.0,1440000,0.0,0.086,0.914,0.24796699166876188
null,0.0,1450000,0.0,0.086,0.914,0.24796236715726763
null,0.0,1460000,0.0,0.086,0.914,0.24795790565278014
null,0.0,1470000,0.0,0.0865,0.9135,0.24795286200817673
null,0.0,1480000,0.0,0.0865,0.9135,0.24795009049457126
null,0.0,1490000,0.0,0.0865,0.9135,0.2479434498066518
null,0.0,1500000,0.0,0.0865,0.9135,0.24793654466123793
